{"test_losses": [0.0367376974105835, 0.03607809752225876, 0.03348092464208603, 0.03197578288316727, 0.031141918247938154, 0.030435967552661897, 0.029842291283607485, 0.029551154625415802, 0.02949165700674057, 0.029507791572809222, 0.029342272317409518], "test_acc": [0.2226, 0.26084999999999997, 0.2556, 0.26885, 0.27815, 0.2812, 0.29485, 0.30774999999999997, 0.3119, 0.31035, 0.31905]}