{"test_losses": [0.03618882757425308], "test_acc": [0.10039999999999999]}