{"test_losses": [0.028318491864204407], "test_acc": [0.68755]}