{"test_losses": [0.0363847118139267], "test_acc": [0.24580000000000002]}