{"test_losses": [0.0289955964922905], "test_acc": [0.73715]}