{"test_losses": [0.03620383359193802], "test_acc": [0.13085000000000002]}