{"test_losses": [0.0363655059337616], "test_acc": [0.15345]}