{"test_losses": [0.03695224595069885, 0.038561957585811615, 0.03768412058353424, 0.037930080616474154, 0.039484182310104365, 0.0402460275053978, 0.04081444978117943, 0.04139338490366935, 0.04177579360008239, 0.041649830901622775, 0.04150294736027718, 0.041430785036087034, 0.04128682342171669, 0.04115636150240898, 0.04109841111302376, 0.04091466553211212, 0.040594340175390244, 0.04035757145285607, 0.040015437555313116, 0.03954630474448204, 0.03921349452733994], "test_acc": [0.2183, 0.2536, 0.27495, 0.309, 0.29435, 0.35025, 0.42275, 0.43015000000000003, 0.44325000000000003, 0.45925, 0.4702, 0.4797, 0.4869, 0.49260000000000004, 0.4959, 0.49955, 0.5048, 0.50495, 0.5035000000000001, 0.50225, 0.50655]}