{"test_losses": [0.036146178030967716], "test_acc": [0.13075]}