{"test_losses": [0.027952749133110046], "test_acc": [0.5894999999999999]}