{"test_losses": [0.036108538830280305, 0.03610682064294815, 0.03610843613147736, 0.036114029562473296, 0.0361242218375206, 0.03613931514024735, 0.03616006807088852, 0.03618828513622284, 0.0362255929350853, 0.03627728787660599, 0.03634349176883697], "test_acc": [0.1, 0.09964999999999999, 0.0937, 0.1018, 0.1078, 0.1144, 0.11605, 0.11715, 0.11775, 0.1174, 0.11715]}