{"test_losses": [0.028849818700551987, 0.021946594244241717, 0.015374494940042494, 0.014159330722689628, 0.012550939336419105, 0.010205422756075859, 0.0085607511267066, 0.008100916805118322, 0.008891078742593527, 0.007207314220815897, 0.006375746195018291], "test_acc": [0.31020000000000003, 0.6223000000000001, 0.75195, 0.70865, 0.7041999999999999, 0.8238000000000001, 0.8513, 0.86785, 0.8027500000000001, 0.88425, 0.89425]}