{"test_losses": [0.027890790331363678, 0.026258754950761794, 0.020326631191372874, 0.019235267063975332, 0.018678695759177206, 0.02109698532819748, 0.0197346051633358, 0.017010209375619888, 0.01663244382441044, 0.01828371720314026, 0.01787703104019165, 0.015192456021904947, 0.013975655281543731, 0.014337523168325424, 0.017570909950137138, 0.014647404623031615, 0.013554145389795304, 0.01367455792427063, 0.01523368980884552, 0.011697585758566859, 0.012173200035095215, 0.011232152287662028, 0.011995944048464298, 0.012278861241042615, 0.011665169121325017, 0.010983123023808002, 0.012424841962754727, 0.009617166462540627, 0.010668573243916034, 0.009148026351630686, 0.01027231317460537, 0.00916117851883173, 0.009435125555098057, 0.008767815230786801, 0.00881913622021675, 0.010888164402544498, 0.009651322649419307, 0.007957546448707581, 0.00849741743206978, 0.008145949369668962, 0.007950377123057841, 0.00835845043361187, 0.007717900177836417, 0.007688794702291489, 0.007985435831546782, 0.008164350929111242, 0.0077154367655515674, 0.00768218230381608, 0.007468336876481772, 0.007325969742238521, 0.007146744415163994], "test_acc": [0.125675, 0.108875, 0.285275, 0.265425, 0.321025, 0.22997499999999998, 0.2617, 0.379575, 0.40235, 0.348825, 0.33082500000000004, 0.43955, 0.49372499999999997, 0.4504, 0.37302500000000005, 0.474725, 0.5158499999999999, 0.48219999999999996, 0.44167500000000004, 0.5779, 0.5535749999999999, 0.592275, 0.5624750000000001, 0.560925, 0.5755000000000001, 0.602125, 0.570725, 0.657975, 0.62715, 0.67665, 0.6434500000000001, 0.681025, 0.6667500000000001, 0.688775, 0.686025, 0.65635, 0.66795, 0.726975, 0.708525, 0.721875, 0.729975, 0.7114, 0.7331, 0.738125, 0.72955, 0.722975, 0.7400500000000001, 0.7395499999999999, 0.7510749999999999, 0.757425, 0.759425]}