{"test_losses": [0.036180423104763035, 0.036179675364494325, 0.03618150333166123, 0.036186297619342805, 0.03619483011960983, 0.03620759292840958, 0.03622535434961319, 0.036249504351615905, 0.03628217247724533, 0.03632526420354843, 0.03638342525959015], "test_acc": [0.10135, 0.0994, 0.09305, 0.0948, 0.09670000000000001, 0.09935, 0.1023, 0.1049, 0.10435, 0.10389999999999999, 0.10245]}