{"test_losses": [0.03644119981527329], "test_acc": [0.25075000000000003]}