{"test_losses": [0.2304366946697235, 0.03205431869029999, 0.029564865219593048, 0.028204117459058764, 0.027290589147806167, 0.026508472573757172, 0.025551706463098525, 0.02448311035037041, 0.023314525109529496, 0.021694565546512605, 0.021029369872808457, 0.019536777889728546, 0.01792451884448528, 0.016697387325763702, 0.015580037024617195, 0.014335691639780998, 0.01321005855947733, 0.01277064746618271, 0.011728183647990227, 0.011294133560359479, 0.01091539132297039, 0.010099205927550793, 0.009531447373330594, 0.00940579803287983, 0.008915189812332391, 0.008678129520267249, 0.008133128924667835, 0.008037111258506775, 0.007883546815812588, 0.00736614613905549, 0.007477660908550024, 0.007337124475091696, 0.007234758459031582, 0.007015777396410704, 0.006923086925223469, 0.0066650390628725294, 0.0067844518616795545, 0.006464275586605072, 0.006161562848463654, 0.006346057488769293, 0.00637423482015729, 0.006077925612404942, 0.005943067563697696, 0.006223723530769347, 0.005872558065876365, 0.0058611411392688745, 0.005857136723771691, 0.005965903763473034, 0.005680844914354384, 0.005882424980401993, 0.005449808934144675, 0.005610272879712283, 0.005419531562179327, 0.005273469859175385, 0.005252843776904046, 0.005412116773985327, 0.005466718801297247, 0.00558763239942491, 0.005389431733638048, 0.005620302258059382, 0.005586962584219873, 0.005415559905208647, 0.005442247319221497, 0.0054897799875587225, 0.005293127376120537, 0.005353401485830546, 0.005285225346218794, 0.005440854831598699, 0.005478430076688528, 0.005304535799659789, 0.0055823184965178374, 0.005256141978036612, 0.005298644666559995, 0.005237959288991988, 0.005274771338328719, 0.005244593836925923, 0.00538613234627992, 0.005196324529219419, 0.005198700955230742, 0.0052626078302972015, 0.005118223187886179, 0.0052134021277539435, 0.005180580662935972, 0.005249750686530024, 0.005215606367960573, 0.005169442361220717, 0.005209302414860576, 0.005169416147749871, 0.005171350478101522, 0.005304928336013108, 0.00542659497577697, 0.005571794757246971, 0.00542710276413709, 0.005340298161190003, 0.0051178291255608195, 0.005203433473780751, 0.005257985176332295, 0.005247895914874971, 0.005316490015108139, 0.005265564548876137, 0.005260113752167672], "test_acc": [0.098, 0.3266, 0.30265, 0.40964999999999996, 0.51495, 0.5589, 0.65535, 0.68245, 0.70345, 0.7436, 0.7835000000000001, 0.7802, 0.81195, 0.80425, 0.8361000000000001, 0.8426, 0.84005, 0.8397, 0.8311, 0.8652500000000001, 0.8763, 0.8661000000000001, 0.8833500000000001, 0.88915, 0.8904, 0.88775, 0.8916, 0.89635, 0.8938, 0.8895, 0.89545, 0.8948, 0.9064, 0.8983000000000001, 0.9057, 0.9049, 0.9076, 0.9086000000000001, 0.90615, 0.9047499999999999, 0.9085000000000001, 0.9058999999999999, 0.9099999999999999, 0.9071, 0.9094, 0.91075, 0.90825, 0.9087000000000001, 0.9077, 0.9073, 0.91425, 0.90745, 0.9151, 0.9142, 0.9119999999999999, 0.9111, 0.91055, 0.911, 0.9108, 0.90855, 0.9095500000000001, 0.9111, 0.90995, 0.90785, 0.9097999999999999, 0.91275, 0.9103000000000001, 0.9076500000000001, 0.90715, 0.90935, 0.9064, 0.9117500000000001, 0.9104, 0.91145, 0.913, 0.9114500000000001, 0.9114, 0.9127000000000001, 0.9130499999999999, 0.91035, 0.91115, 0.91125, 0.91295, 0.91045, 0.90845, 0.9116500000000001, 0.9102, 0.9117500000000001, 0.9108499999999999, 0.9084000000000001, 0.91065, 0.9081, 0.9105, 0.91115, 0.9127000000000001, 0.9086000000000001, 0.9116, 0.9112, 0.9076500000000001, 0.9078999999999999, 0.91075]}