{"test_losses": [0.03667620469331741, 0.038096789526939394, 0.037422389209270476, 0.037777502679824826, 0.03901876487731934, 0.039961662840843196, 0.040610799646377566, 0.04133413796424866, 0.04192228609323502, 0.04226525996923447, 0.042410352128744125, 0.042693488961458206, 0.0427906029343605, 0.04284305896759033, 0.04280477730035782, 0.042820242929458616, 0.04289341825842857, 0.04286940900683403, 0.04234959787130356, 0.04217754146456719, 0.04222643431425095, 0.04233650363683701, 0.04204954362511634, 0.04168059919476509, 0.041696020770072936, 0.04153871678113937, 0.04106373892426491, 0.04016597160100937, 0.039662639057636256, 0.03949866324663162, 0.03939068989753723], "test_acc": [0.20975, 0.26415, 0.2865, 0.31265, 0.32455, 0.38705, 0.42965, 0.43905000000000005, 0.45030000000000003, 0.46929999999999994, 0.48109999999999997, 0.4866, 0.4952, 0.4987, 0.50155, 0.5038, 0.504, 0.5056499999999999, 0.5077, 0.5035499999999999, 0.4994, 0.4994, 0.5036, 0.502, 0.49870000000000003, 0.49755000000000005, 0.4994, 0.50385, 0.5078, 0.5096, 0.5089]}