{"test_losses": [0.053863947045803065, 0.028868846511840823, 0.024864208430051805, 0.02077883414924145, 0.02015695458650589, 0.017836129018664357, 0.020492858839035035, 0.02521786800026894, 0.015697377383708952, 0.023064805459976197, 0.02583749259710312, 0.023097537598013876, 0.016463942381739618, 0.028459440913796426, 0.018456626671552658, 0.017173430868983267, 0.0243847855836153, 0.01843751320242882, 0.01648221005797386, 0.01887093164920807, 0.018783203771710395, 0.01582453116774559, 0.019281970852613448, 0.014647685599327087, 0.014296893586218357, 0.014864235565066337, 0.012803875228762626, 0.014259431970119476, 0.01300448338240385, 0.014376948477327824, 0.014200644971430303, 0.012223715311288833, 0.012672360523045063, 0.013526979367434978, 0.010641525425016882, 0.011609435851871967, 0.01040883022993803, 0.010054738314449786, 0.013483236263692378, 0.01092902563214302, 0.011145367886126042, 0.010196456944942475, 0.010147792115807533, 0.01234938209503889, 0.010189876073598864, 0.010314649406075477, 0.011903765577077865, 0.010381799973547459, 0.010937115481495858, 0.010993511298298834, 0.010077687285840511], "test_acc": [0.1, 0.10162500000000001, 0.283975, 0.304025, 0.28865, 0.39199999999999996, 0.31410000000000005, 0.266275, 0.425225, 0.25355, 0.31257500000000005, 0.336675, 0.41547500000000004, 0.3665, 0.41595000000000004, 0.419925, 0.35055000000000003, 0.431975, 0.48172499999999996, 0.47019999999999995, 0.470225, 0.52335, 0.451025, 0.564075, 0.5752999999999999, 0.569625, 0.60295, 0.5898, 0.6087, 0.5955999999999999, 0.61585, 0.6416250000000001, 0.631725, 0.6158250000000001, 0.671025, 0.6589, 0.67945, 0.692825, 0.662425, 0.6858000000000001, 0.691175, 0.7061000000000001, 0.7099, 0.690825, 0.71335, 0.71285, 0.7043999999999999, 0.720125, 0.716475, 0.71615, 0.732575]}