{"test_losses": [0.03677560054063797], "test_acc": [0.24745]}