{"test_losses": [0.03926620958447456, 0.02875420615077019, 0.024905358374118808, 0.0221406316280365, 0.02244020983576775, 0.020364824700355527, 0.046023821949958806, 0.022506958267092706, 0.03141147871017456, 0.02081466448009014, 0.03178459507822991, 0.03590690543651581, 0.024090316364169122, 0.022769418922066686, 0.022994845542311668, 0.027941082456707952, 0.02325177586376667, 0.028836191070079807, 0.0277352796882391, 0.02262451330721378, 0.019512600046396253, 0.029945010605454445, 0.022741997599601743, 0.018989260774850848, 0.019300367388129236, 0.022963760831952097, 0.018742900291085243, 0.01762952929139137, 0.01732837525308132, 0.016145474961400032, 0.01762770410478115, 0.016416768503189086, 0.016165264409780503, 0.016003522554039955, 0.014593378245830537, 0.014602525982260705, 0.015177419954538345, 0.014423981824517249, 0.014543956887722014, 0.013656026150286198, 0.014173979952931405, 0.014409504073858262, 0.014041988798975944, 0.012687463618814945, 0.014393332025408746, 0.015039030060172081, 0.01416502133756876, 0.01462105232477188, 0.014020245389640333, 0.013014718523621559, 0.01224146011173725, 0.012345833618938921, 0.013073576247692108, 0.012379686819016933, 0.012703103837370873, 0.012321505437791348, 0.014730495955049992, 0.013782338620722293, 0.012045144073665142, 0.011613102193176747, 0.010402820666134358, 0.01194896055907011, 0.011141075670719147, 0.011138308818638325, 0.01237426446825266, 0.011924096286296844, 0.01150397574752569, 0.010785906590521336, 0.011119327117502688, 0.012404844446480275, 0.010610913567245008], "test_acc": [0.1, 0.1, 0.1054, 0.15865, 0.16797499999999999, 0.27275000000000005, 0.12919999999999998, 0.16655, 0.19569999999999999, 0.23512500000000003, 0.22744999999999999, 0.18925000000000003, 0.23385, 0.2629, 0.267175, 0.263625, 0.306475, 0.281525, 0.29525, 0.290125, 0.361925, 0.25780000000000003, 0.317075, 0.39965, 0.38822500000000004, 0.347275, 0.417275, 0.4453, 0.45187499999999997, 0.463775, 0.408475, 0.46695, 0.49435, 0.49672499999999997, 0.5123500000000001, 0.51015, 0.512425, 0.52245, 0.53065, 0.5392250000000001, 0.5239, 0.52925, 0.5327999999999999, 0.565075, 0.546425, 0.53385, 0.554375, 0.544725, 0.56355, 0.5804, 0.6079, 0.60585, 0.58885, 0.5956250000000001, 0.5917, 0.6271, 0.5504, 0.593875, 0.625675, 0.6369500000000001, 0.667475, 0.63015, 0.6429, 0.66135, 0.63945, 0.651175, 0.6674999999999999, 0.68075, 0.680525, 0.654525, 0.6921]}