{"test_losses": [0.036178028798103334], "test_acc": [0.08785]}