{"test_losses": [0.03614268839359283], "test_acc": [0.10405]}