{"test_losses": [0.023024623036384584], "test_acc": [0.10324]}