{"test_losses": [0.028264686685800552, 0.02812500564455986, 0.01745118441283703, 0.01393820159137249, 0.0138766454488039, 0.010340092752873897, 0.008991479448229076, 0.008648185523599385, 0.0075609186388552185, 0.007371666747331619, 0.006942652111500502, 0.0068038589172065254, 0.006688829213008285, 0.006065841045975686, 0.006197288886085153, 0.006478086737170816, 0.005923363153263927, 0.005577013592794538, 0.005814455512166024, 0.005766818089783191, 0.0055611404333263635, 0.00545815839227289, 0.005317216691188514, 0.005817916051670909, 0.00489814325068146, 0.005161433571763336, 0.004758488266728818, 0.004851908367872238, 0.0047829342577606435, 0.004822095975838601, 0.00500043763872236, 0.0049950887113809584, 0.004824911531060934, 0.004692750136926771, 0.004864665475860238, 0.005010552624799311, 0.004723334632068872, 0.004570365131739527, 0.004773637560103088, 0.004402440383378416, 0.00471364347152412, 0.004820545152388513, 0.00436054023085162, 0.004379375881887972, 0.004724558993335813, 0.004485639577824623, 0.004437947339005769, 0.004340891366545111, 0.004255469643417746, 0.004250093829911202, 0.0041605266431346535, 0.004293424200825393, 0.004237954045087099, 0.004319729810487479, 0.004235753606166691, 0.004112209339393302, 0.004218107004556805, 0.004190631026495248, 0.004191654564719647, 0.004321655510086566, 0.004187607505591586, 0.004153876717295498, 0.004221015702793375, 0.004142308353167028, 0.004315079296194017, 0.0042146877357736225, 0.0042995596290566025, 0.004202739778067917, 0.004189568466227501, 0.00434117062650621, 0.004206464220164343, 0.004189773238962516, 0.004133050850965082, 0.00418622651011683, 0.00408205361450091, 0.004215893325582146, 0.004157806171476841, 0.00417126988042146, 0.004104506143229082, 0.004115031543746591, 0.004069419835926964, 0.003998998955078423, 0.004082449495606124, 0.004033358869189397, 0.004052664208970964, 0.004084220673469826, 0.0040682708554435525, 0.0040293147505726665, 0.004075814918475225, 0.0040613470886833964, 0.003950062943901867], "test_acc": [0.75315, 0.33645, 0.71255, 0.75055, 0.6558999999999999, 0.8511, 0.82795, 0.8685, 0.88195, 0.8897999999999999, 0.8868, 0.8815, 0.8885000000000001, 0.9063, 0.89165, 0.88995, 0.907, 0.9030499999999999, 0.9081999999999999, 0.8977999999999999, 0.8999999999999999, 0.90485, 0.91075, 0.88635, 0.9166, 0.9123, 0.9199999999999999, 0.91675, 0.91725, 0.9173, 0.9098999999999999, 0.91735, 0.9148499999999999, 0.9202, 0.9173, 0.90445, 0.9192, 0.92085, 0.91835, 0.92355, 0.9177500000000001, 0.91885, 0.92355, 0.9228000000000001, 0.9171499999999999, 0.9183, 0.92235, 0.92455, 0.9247, 0.9258, 0.9250499999999999, 0.92405, 0.92275, 0.9238500000000001, 0.9258, 0.9269000000000001, 0.9252, 0.9256500000000001, 0.9267000000000001, 0.9269499999999999, 0.9258, 0.92715, 0.923, 0.9262, 0.9226, 0.92395, 0.922, 0.9254, 0.9272, 0.9229499999999999, 0.92265, 0.9222, 0.92615, 0.9231, 0.92675, 0.9230499999999999, 0.92395, 0.9249499999999999, 0.9271, 0.92465, 0.92515, 0.9281999999999999, 0.9273, 0.9274, 0.9265, 0.9268000000000001, 0.9268000000000001, 0.92685, 0.9255, 0.9270499999999999, 0.92755]}