{"test_losses": [0.061882350015640256, 0.02991618231534958, 0.02999994202852249, 0.024982459908723827, 0.027882438677549363, 0.02257647407650948, 0.023044558289647105, 0.02249483443200588, 0.023442185282707216, 0.021462970015406608, 0.021565337741374965], "test_acc": [0.1182, 0.156375, 0.1587, 0.197025, 0.17115, 0.18255, 0.174875, 0.18864999999999998, 0.186575, 0.2091, 0.216]}