{"test_losses": [0.03672527395486831], "test_acc": [0.20274999999999999]}