{"test_losses": [0.03667818858623505], "test_acc": [0.25215]}