{"test_losses": [0.036047327077388766], "test_acc": [0.17125]}