{"test_losses": [0.03647361007928848], "test_acc": [0.19465]}