{"test_losses": [0.036561312890052794, 0.037832767450809476, 0.037154936766624444, 0.037585530459880834, 0.03906449974775314, 0.0403486889064312, 0.041284557449817655, 0.04235072849988937, 0.043010753345489504, 0.043416957819461824, 0.0437831641972065], "test_acc": [0.2122, 0.25045, 0.26439999999999997, 0.29910000000000003, 0.3156, 0.3657, 0.4215, 0.43995, 0.45545, 0.47440000000000004, 0.48114999999999997]}