{"test_losses": [0.03663304632902145, 0.036700425839424136, 0.03434187421798706, 0.03249076306819916, 0.03144581823348999, 0.030815392935276034, 0.03021461861133576, 0.02978253728747368, 0.029678371471166608, 0.029650155133008955, 0.02957834807038307], "test_acc": [0.23345, 0.27065, 0.2718, 0.27444999999999997, 0.27945, 0.2832, 0.28864999999999996, 0.29395, 0.299, 0.3, 0.30069999999999997]}