{"test_losses": [0.03663268234729767], "test_acc": [0.23320000000000002]}