{"test_losses": [0.03214195597171783, 0.02606360331773758, 0.023172907537221912, 0.022040790927410125, 0.02254592326581478, 0.01995133659541607, 0.02051501363813877, 0.023269728428125382, 0.01940476641654968, 0.028110924279689788, 0.019048082688450815, 0.017360079082846643, 0.019064894053339956, 0.01659284842014313, 0.016432088685035706, 0.016421024826169014, 0.016620556554198265, 0.015592838135361671, 0.01564035978615284, 0.015285226559638977, 0.01623875148892403, 0.015708503091335296, 0.013564771842956543, 0.014302514365315438, 0.014027874466776847, 0.012656874945759773, 0.013311865314841272, 0.012900311809778213, 0.01453636599779129, 0.012351491513848305, 0.012445329609513283, 0.012390216371417045, 0.012499232369661332, 0.012134577743709088, 0.011758564533293249, 0.011521204587817193, 0.011424729542434215, 0.01141591844856739, 0.011193009878695011, 0.011295746295154094, 0.011017464230954647, 0.011147494779527187, 0.010378741633892059, 0.010684185227751733, 0.010841907362639904, 0.010113231311738491, 0.010141913482546807, 0.010043117670714856, 0.010067212221026422, 0.009878581826388835, 0.009610724434256554, 0.009695774449408055, 0.009589151047170162, 0.0093988324791193, 0.009675317949056624, 0.009184636034071445, 0.009307049435377121, 0.009270681390166282, 0.009093212458491326, 0.008881000332534313, 0.00918129867464304, 0.009160217598080635, 0.008597583049535751, 0.00840200243294239, 0.008427346624433993, 0.008365498869121076, 0.00823373607546091, 0.0083967664077878, 0.007937402379512787, 0.0080825148537755, 0.008107614076137542], "test_acc": [0.1, 0.16392500000000002, 0.177375, 0.1902, 0.1881, 0.25855, 0.2306, 0.18887500000000002, 0.243525, 0.19877499999999998, 0.29125, 0.376225, 0.293325, 0.41150000000000003, 0.3778, 0.350075, 0.40115, 0.42184999999999995, 0.4244, 0.430175, 0.404875, 0.43420000000000003, 0.49545000000000006, 0.4764, 0.489425, 0.526075, 0.5037, 0.522125, 0.4949, 0.5469999999999999, 0.5509000000000001, 0.540925, 0.520625, 0.550225, 0.574675, 0.58075, 0.572425, 0.5766, 0.603225, 0.6110249999999999, 0.5981500000000001, 0.5916, 0.6335999999999999, 0.629725, 0.594975, 0.6424000000000001, 0.6388, 0.650775, 0.6384749999999999, 0.651, 0.669, 0.6469, 0.670125, 0.667675, 0.639975, 0.6880000000000001, 0.671925, 0.6689999999999999, 0.680325, 0.692075, 0.6645000000000001, 0.6829, 0.7008, 0.71015, 0.7020500000000001, 0.710475, 0.71495, 0.7060500000000001, 0.7238, 0.720275, 0.7199249999999999]}