{"test_losses": [0.027995549643039706], "test_acc": [0.6021000000000001]}