{"test_losses": [0.03617205765247345], "test_acc": [0.09125]}